Type,Name,Request Count,Failure Count,Median Response Time,Average Response Time,Min Response Time,Max Response Time,Average Content Size,Requests/s,Failures/s,50%,66%,75%,80%,90%,95%,98%,99%,99.9%,99.99%,100%
GET,/supply/callcreatesupply,119,0,2300.0,2292.6833004790064,2203.5301539999637,3036.8425249998836,15.0,0.4019036933503262,0.0,2300,2300,2300,2300,2400,2400,2400,2400,3000,3000,3000
,Aggregated,119,0,2300.0,2292.6833004790064,2203.5301539999637,3036.8425249998836,15.0,0.4019036933503262,0.0,2300,2300,2300,2300,2400,2400,2400,2400,3000,3000,3000
