Type,Name,Request Count,Failure Count,Median Response Time,Average Response Time,Min Response Time,Max Response Time,Average Content Size,Requests/s,Failures/s,50%,66%,75%,80%,90%,95%,98%,99%,99.9%,99.99%,100%
GET,/supply/callcreatesupply,224,0,2400.0,2464.8713447053565,2268.3390840002176,3230.56842699998,15.0,0.7493953645215666,0.0,2400,2500,2500,2500,2600,2700,2900,2900,3200,3200,3200
,Aggregated,224,0,2400.0,2464.8713447053565,2268.3390840002176,3230.56842699998,15.0,0.7493953645215666,0.0,2400,2500,2500,2500,2600,2700,2900,2900,3200,3200,3200
