Type,Name,Request Count,Failure Count,Median Response Time,Average Response Time,Min Response Time,Max Response Time,Average Content Size,Requests/s,Failures/s,50%,66%,75%,80%,90%,95%,98%,99%,99.9%,99.99%,100%
GET,/supply/callcreatesupply,249,0,4100.0,5726.563657373499,2380.2838510000583,21482.002466999802,15.0,0.8352596614954286,0.0,4100,5700,6900,8300,10000,14000,19000,20000,21000,21000,21000
,Aggregated,249,0,4100.0,5726.563657373499,2380.2838510000583,21482.002466999802,15.0,0.8352596614954286,0.0,4100,5700,6900,8300,10000,14000,19000,20000,21000,21000,21000
