Type,Name,Request Count,Failure Count,Median Response Time,Average Response Time,Min Response Time,Max Response Time,Average Content Size,Requests/s,Failures/s,50%,66%,75%,80%,90%,95%,98%,99%,99.9%,99.99%,100%
GET,/supply/callcreatesupply,739,98,32000.0,36595.6914885399,4987.32127599942,104707.85172900013,13.010825439783492,2.5280676968524105,0.3352511966055971,32000,43000,50000,53000,74000,81000,85000,95000,105000,105000,105000
,Aggregated,739,98,32000.0,36595.6914885399,4987.32127599942,104707.85172900013,13.010825439783492,2.5280676968524105,0.3352511966055971,32000,43000,50000,53000,74000,81000,85000,95000,105000,105000,105000
