Type,Name,Request Count,Failure Count,Median Response Time,Average Response Time,Min Response Time,Max Response Time,Average Content Size,Requests/s,Failures/s,50%,66%,75%,80%,90%,95%,98%,99%,99.9%,99.99%,100%
GET,/supply/callcreatesupply,319,215,5,9098.612602558018,1.178812000034668,107217.54917099953,4.890282131661442,1.0659889869093548,0.7184565272273081,5,1700,21000,22000,26000,37000,78000,79000,107000,107000,107000
,Aggregated,319,215,5,9098.612602558018,1.178812000034668,107217.54917099953,4.890282131661442,1.0659889869093548,0.7184565272273081,5,1700,21000,22000,26000,37000,78000,79000,107000,107000,107000
