Type,Name,Request Count,Failure Count,Median Response Time,Average Response Time,Min Response Time,Max Response Time,Average Content Size,Requests/s,Failures/s,50%,66%,75%,80%,90%,95%,98%,99%,99.9%,99.99%,100%
GET,/supply/callcreatesupply,588,0,290.0,306.9519454098605,196.1627660002705,1225.3017560001354,15.0,1.96433459381649,0.0,290,310,330,340,380,420,490,530,1200,1200,1200
,Aggregated,588,0,290.0,306.9519454098605,196.1627660002705,1225.3017560001354,15.0,1.96433459381649,0.0,290,310,330,340,380,420,490,530,1200,1200,1200
