Type,Name,Request Count,Failure Count,Median Response Time,Average Response Time,Min Response Time,Max Response Time,Average Content Size,Requests/s,Failures/s,50%,66%,75%,80%,90%,95%,98%,99%,99.9%,99.99%,100%
GET,/supply/callcreatesupply,1140,360,45000.0,45262.929670305275,5218.549866000103,116131.56780900044,10.263157894736842,3.8372567883936743,1.2117653015980026,45000,65000,69000,70000,85000,86000,112000,112000,114000,116000,116000
,Aggregated,1140,360,45000.0,45262.929670305275,5218.549866000103,116131.56780900044,10.263157894736842,3.8372567883936743,1.2117653015980026,45000,65000,69000,70000,85000,86000,112000,112000,114000,116000,116000
