Type,Name,Request Count,Failure Count,Median Response Time,Average Response Time,Min Response Time,Max Response Time,Average Content Size,Requests/s,Failures/s,50%,66%,75%,80%,90%,95%,98%,99%,99.9%,99.99%,100%
GET,/supply/callcreatesupply,1458,0,3600.0,3822.8647319519955,626.4847659995212,9054.659407000145,15.0,4.921919407413222,0.0,3600,3700,3900,4000,4600,6600,7700,8300,8900,9100,9100
,Aggregated,1458,0,3600.0,3822.8647319519955,626.4847659995212,9054.659407000145,15.0,4.921919407413222,0.0,3600,3700,3900,4000,4600,6600,7700,8300,8900,9100,9100
