Type,Name,Request Count,Failure Count,Median Response Time,Average Response Time,Min Response Time,Max Response Time,Average Content Size,Requests/s,Failures/s,50%,66%,75%,80%,90%,95%,98%,99%,99.9%,99.99%,100%
GET,/supply/callcreatesupply,698,0,590.0,655.2833532994274,256.76638200002344,2442.26479200006,15.0,2.3407105388796823,0.0,590,630,670,710,970,1300,1600,1900,2400,2400,2400
,Aggregated,698,0,590.0,655.2833532994274,256.76638200002344,2442.26479200006,15.0,2.3407105388796823,0.0,590,630,670,710,970,1300,1600,1900,2400,2400,2400
