Type,Name,Request Count,Failure Count,Median Response Time,Average Response Time,Min Response Time,Max Response Time,Average Content Size,Requests/s,Failures/s,50%,66%,75%,80%,90%,95%,98%,99%,99.9%,99.99%,100%
GET,/supply/callcreatesupply,362,308,219000.0,207968.3607285551,17252.35198900009,302544.5494599999,2.2375690607734806,1.1780897543909916,1.0023526087083574,219000,221000,226000,227000,299000,300000,300000,302000,303000,303000,303000
,Aggregated,362,308,219000.0,207968.3607285551,17252.35198900009,302544.5494599999,2.2375690607734806,1.1780897543909916,1.0023526087083574,219000,221000,226000,227000,299000,300000,300000,302000,303000,303000,303000
