Type,Name,Request Count,Failure Count,Median Response Time,Average Response Time,Min Response Time,Max Response Time,Average Content Size,Requests/s,Failures/s,50%,66%,75%,80%,90%,95%,98%,99%,99.9%,99.99%,100%
GET,/supply/callcreatesupply,1140,2,11000.0,12176.841290288603,4569.5158100006665,49315.08579599995,14.973684210526315,3.860837463646579,0.006773399059029087,11000,12000,12000,12000,14000,18000,24000,27000,49000,49000,49000
,Aggregated,1140,2,11000.0,12176.841290288603,4569.5158100006665,49315.08579599995,14.973684210526315,3.860837463646579,0.006773399059029087,11000,12000,12000,12000,14000,18000,24000,27000,49000,49000,49000
