Type,Name,Request Count,Failure Count,Median Response Time,Average Response Time,Min Response Time,Max Response Time,Average Content Size,Requests/s,Failures/s,50%,66%,75%,80%,90%,95%,98%,99%,99.9%,99.99%,100%
GET,/supply/callcreatesupply,263,0,1800.0,5279.518273866933,881.6114389996983,31862.54576400006,15.0,0.8960854506093496,0.0,1800,4200,5800,6800,17000,21000,26000,32000,32000,32000,32000
,Aggregated,263,0,1800.0,5279.518273866933,881.6114389996983,31862.54576400006,15.0,0.8960854506093496,0.0,1800,4200,5800,6800,17000,21000,26000,32000,32000,32000,32000
