Type,Name,Request Count,Failure Count,Median Response Time,Average Response Time,Min Response Time,Max Response Time,Average Content Size,Requests/s,Failures/s,50%,66%,75%,80%,90%,95%,98%,99%,99.9%,99.99%,100%
GET,/supply/supplylist,436,106,26000.0,49424.06173132108,8361.340272000007,133207.18997500002,3714.0137614678897,1.6412293075217377,0.39901446467271606,26000,35000,44000,121000,122000,123000,124000,127000,133000,133000,133000
,Aggregated,436,106,26000.0,49424.06173132108,8361.340272000007,133207.18997500002,3714.0137614678897,1.6412293075217377,0.39901446467271606,26000,35000,44000,121000,122000,123000,124000,127000,133000,133000,133000
