Type,Name,Request Count,Failure Count,Median Response Time,Average Response Time,Min Response Time,Max Response Time,Average Content Size,Requests/s,Failures/s,50%,66%,75%,80%,90%,95%,98%,99%,99.9%,99.99%,100%
GET,/supply/supplylist,135,5,13000.0,17893.347379370356,3595.052273999954,122691.65070099961,5210.592592592592,0.47460029235200263,0.017577788605629727,13000,17000,19000,21000,25000,30000,121000,122000,123000,123000,123000
,Aggregated,135,5,13000.0,17893.347379370356,3595.052273999954,122691.65070099961,5210.592592592592,0.47460029235200263,0.017577788605629727,13000,17000,19000,21000,25000,30000,121000,122000,123000,123000,123000
