Type,Name,Request Count,Failure Count,Median Response Time,Average Response Time,Min Response Time,Max Response Time,Average Content Size,Requests/s,Failures/s,50%,66%,75%,80%,90%,95%,98%,99%,99.9%,99.99%,100%
GET,/supply/supplylist,617,0,260.0,281.0406489043725,183.88634799998727,924.9095699999543,5411.0,2.0689689211616833,0.0,260,290,300,310,350,390,450,550,920,920,920
,Aggregated,617,0,260.0,281.0406489043725,183.88634799998727,924.9095699999543,5411.0,2.0689689211616833,0.0,260,290,300,310,350,390,450,550,920,920,920
