Type,Name,Request Count,Failure Count,Median Response Time,Average Response Time,Min Response Time,Max Response Time,Average Content Size,Requests/s,Failures/s,50%,66%,75%,80%,90%,95%,98%,99%,99.9%,99.99%,100%
GET,/supply/supplylist,282,187,122000.0,87768.75832753188,2937.6431349999166,128727.98919399998,1653.0673758865248,2.1593495877488955,1.4319091237909343,122000,128000,128000,128000,128000,129000,129000,129000,129000,129000,129000
,Aggregated,282,187,122000.0,87768.75832753188,2937.6431349999166,128727.98919399998,1653.0673758865248,2.1593495877488955,1.4319091237909343,122000,128000,128000,128000,128000,129000,129000,129000,129000,129000,129000
