Type,Name,Request Count,Failure Count,Median Response Time,Average Response Time,Min Response Time,Max Response Time,Average Content Size,Requests/s,Failures/s,50%,66%,75%,80%,90%,95%,98%,99%,99.9%,99.99%,100%
GET,/supply/supplylist,67,19,13000.0,44620.868501805955,5246.158723999997,125648.14822500011,3876.5373134328356,0.28789311214730784,0.08164133031043058,13000,38000,122000,123000,125000,125000,125000,126000,126000,126000,126000
,Aggregated,67,19,13000.0,44620.868501805955,5246.158723999997,125648.14822500011,3876.5373134328356,0.28789311214730784,0.08164133031043058,13000,38000,122000,123000,125000,125000,125000,126000,126000,126000,126000
