Type,Name,Request Count,Failure Count,Median Response Time,Average Response Time,Min Response Time,Max Response Time,Average Content Size,Requests/s,Failures/s,50%,66%,75%,80%,90%,95%,98%,99%,99.9%,99.99%,100%
GET,/supply/supplylist,880,0,460.0,477.71475924204236,191.58467599982032,1358.2264570000007,5411.0,2.9448396133996377,0.0,460,500,530,550,620,690,770,880,1400,1400,1400
,Aggregated,880,0,460.0,477.71475924204236,191.58467599982032,1358.2264570000007,5411.0,2.9448396133996377,0.0,460,500,530,550,620,690,770,880,1400,1400,1400
