Type,Name,Request Count,Failure Count,Median Response Time,Average Response Time,Min Response Time,Max Response Time,Average Content Size,Requests/s,Failures/s,50%,66%,75%,80%,90%,95%,98%,99%,99.9%,99.99%,100%
GET,/supply/supplylist,1300,0,10000.0,10895.229423849245,3411.1596809999583,20830.63993600001,4907.0,4.401700844988375,0.0,10000,11000,11000,11000,13000,14000,19000,19000,21000,21000,21000
,Aggregated,1300,0,10000.0,10895.229423849245,3411.1596809999583,20830.63993600001,4907.0,4.401700844988375,0.0,10000,11000,11000,11000,13000,14000,19000,19000,21000,21000,21000
