Type,Name,Request Count,Failure Count,Median Response Time,Average Response Time,Min Response Time,Max Response Time,Average Content Size,Requests/s,Failures/s,50%,66%,75%,80%,90%,95%,98%,99%,99.9%,99.99%,100%
GET,/supply/supplylist,218,5,2400.0,6571.15621584862,600.8037059996241,123557.28554500002,5286.894495412844,0.7315172986059312,0.016777919692796586,2400,3100,4800,8000,9400,12000,121000,123000,124000,124000,124000
,Aggregated,218,5,2400.0,6571.15621584862,600.8037059996241,123557.28554500002,5286.894495412844,0.7315172986059312,0.016777919692796586,2400,3100,4800,8000,9400,12000,121000,123000,124000,124000,124000
